date,canada div,usa div,mx div,colo div,venezdiv,br div,peru div,boliviadiv,arg div,chi div
2020-03-01,8,0.466666667,0.555555556,,,,,,,7
2020-03-02,6,1.533333333,0,,,,,,,0
2020-03-03,6,1.266666667,0,,,,,,0.5,1
2020-03-04,6,2.2,0,,,0.222222222,,,0,0
2020-03-05,8,5.133333333,0,,,0,,,0,3
2020-03-06,24,3.533333333,0.555555556,0.5,,1,0.555555556,,0.5,0
2020-03-07,10,11.06666667,0,0,,0,0,,3,0
2020-03-08,20,7.733333333,0.555555556,0,,0.777777778,2.777777778,,2,7
2020-03-09,26,5,0,0,,0.555555556,0.555555556,,0,0
2020-03-10,4,12.53333333,0,1,,0.666666667,2.222222222,,2.5,5
2020-03-11,58,24.33333333,0.555555556,3,,0.777777778,0,3.4,1,10
2020-03-12,18,29.26666667,2.222222222,0,,1.555555556,2.222222222,0,0,0
2020-03-13,152,42.2,7.777777778,2,,11,7.222222222,1.7,6,20
2020-03-14,10,50.6,8.333333333,4.5,8,0,5.555555556,11.9,1.5,33
2020-03-15,108,15.6,6.666666667,6,32,1.222222222,2.777777778,0,5.5,13
2020-03-16,326,97.8,16.11111111,11.5,28,4.222222222,23.88888889,1.7,5.5,81
2020-03-17,126,122.2,6.111111111,9,64,13.44444444,17.22222222,0,6,46
2020-03-18,358,177.1333333,13.88888889,13.5,12,5.666666667,15.55555556,1.7,5.5,37
2020-03-19,286,299.6,25.55555556,3,24,27.66666667,49.44444444,0,9,0
2020-03-20,286,424.4666667,21.66666667,25,0,19.11111111,0,5.1,15.5,196
2020-03-21,668,399.6666667,26.66666667,19,112,25.33333333,46.66666667,6.8,15,131
2020-03-22,384,591.5333333,36.11111111,17.5,0,58.33333333,25,8.5,54,95
2020-03-23,1238,749.2,28.33333333,23,28,42,17.77777778,5.1,17.5,114
2020-03-24,1404,707.9333333,21.11111111,50.5,28,35.88888889,11.66666667,3.4,43,176
2020-03-25,922,805.4666667,38.88888889,46,28,34.11111111,35.55555556,5.1,0,220
2020-03-26,1582,1190.4,61.11111111,10.5,64,47.88888889,55.55555556,18.7,57.5,164
2020-03-27,1280,1246,73.33333333,24,0,48,30.55555556,30.6,43.5,304
2020-03-28,1788,1308.666667,72.77777778,34.5,48,54.11111111,20,22.1,50.5,350
2020-03-29,1408,1259.933333,80.55555556,47,0,39.11111111,100.5555556,11.9,27.5,230
2020-03-30,2236,1471.666667,56.11111111,48,64,35.88888889,54.44444444,27.2,37.5,310
2020-03-31,2258,1754.266667,67.22222222,54,0,126.4444444,63.88888889,17,117,289
2020-04-01,2066,2149.533333,90.55555556,79.5,32,124.3333333,143.3333333,13.6,0,293
2020-04-02,3448,2149,73.33333333,48,12,134.2222222,50.55555556,13.6,39.5,373
2020-04-03,2306,2152.466667,98.88888889,53,28,112.4444444,100.5555556,15.3,66,333
2020-04-04,1082,2161.066667,112.2222222,69.5,8,144.8888889,83.88888889,11.9,93,512
2020-04-05,5556,1991.8,140.5555556,39.5,16,85.55555556,297.2222222,30.6,0,310
2020-04-06,1614,2092.066667,164.4444444,47,24,114.5555556,155.5555556,44.2,51.5,344
2020-04-07,2618,2051.133333,192.2222222,100.5,0,208.1111111,218.3333333,18.7,37,301
2020-04-08,2538,2079.466667,220,137,8,237.3333333,771.1111111,27.2,43.5,430
2020-04-09,3026,2396.066667,144.4444444,84.5,16,213.5555556,507.7777778,91.8,40,426
2020-04-10,2810,2294.333333,223.8888889,125,0,171.7777778,356.1111111,6.8,90,529
2020-04-11,2514,1942,208.3333333,118,16,121,528.3333333,11.9,0,671
2020-04-12,1966,1817,245.5555556,33.5,24,162.7777778,372.7777778,42.5,83.5,286
2020-04-13,2762,1795.333333,196.1111111,38,32,137.5555556,1258.333333,51,33,312
2020-04-14,2710,1918.733333,213.8888889,63.5,0,203.5555556,288.3333333,40.8,34.5,392
2020-04-15,2348,1696,248.8888889,63,32,339.7777778,651.1111111,73.1,83,356
2020-04-16,5200,2002.333333,250,64,28,233.8888889,564.4444444,74.8,64,534
2020-04-17,4010,2202,321.1111111,103,0,361.8888889,554.4444444,40.8,49,445
2020-04-18,3084,1862.133333,345.5555556,91,92,330.6666667,517.2222222,47.6,44.5,907
2020-04-19,2554,1739.733333,424.4444444,85.5,116,221.7777778,671.1111111,45.9,40.5,358
2020-04-20,4050,1988.533333,283.8888889,92.5,0,232.1111111,387.2222222,74.8,51,419
2020-04-21,3488,1727.8,405,86,116,259.5555556,840,57.8,45,325
2020-04-22,4522,1923.933333,579.4444444,103.5,12,297.5555556,785,18.7,56.5,464
2020-04-23,3272,2238,605,102.5,92,475.4444444,924.4444444,159.8,145.5,516
2020-04-24,3240,2155.133333,688.3333333,160,28,445.2222222,407.7777778,176.8,86,494
2020-04-25,2904,2026.4,538.8888889,130.5,20,586.7777778,2046.111111,100.3,86.5,1363
2020-04-26,3324,1766.733333,463.8888889,118.5,8,419.5555556,1214.444444,142.8,56,473
2020-04-27,3166,1580.2,473.3333333,109,16,482.8888889,656.6666667,108.8,55.5,482
2020-04-28,3068,1638.466667,679.4444444,176,0,643.2222222,1383.888889,66.3,62,552
2020-04-29,3430,1762.533333,581.6666667,129,8,716.6666667,1522.777778,96.9,79,520
2020-04-30,3184,1948,791.6666667,150,8,833.5555556,1691.666667,96.9,71.5,1138
2020-05-01,3772,2328.4,841.6666667,249.5,8,557.2222222,1935,105.4,52,985
2020-05-02,3166,1823.333333,749.4444444,139.5,40,544.2222222,1152.777778,409.7,74.5,2526
2020-05-03,5156,1619.8,768.3333333,191.5,48,525.1111111,1885.555556,210.8,51,1228
2020-05-04,2906,1605.666667,796.6666667,152.5,0,754.8888889,802.2222222,147.9,52,980
2020-05-05,2516,1635.4,622.2222222,320,16,759.4444444,2120.555556,205.7,66.5,1373
2020-05-06,2958,1637.266667,893.8888889,173,72,1239.555556,2015.555556,142.8,94,1032
2020-05-07,3014,1827.466667,1101.111111,248.5,8,1018,2060.555556,331.5,81.5,1533
2020-05-08,2946,1789.266667,1058.888889,297.5,28,1235.666667,1845,314.5,120,1391
2020-05-09,2488,1675.733333,1076.666667,222,56,1018.555556,1760,290.7,82.5,3458
2020-05-10,2346,1257.8,867.7777778,284,48,737.5555556,1273.333333,202.3,129,1647
2020-05-11,2346,1284.733333,725,275,32,766.1111111,841.6666667,467.5,122,1197
2020-05-12,2310,1529.866667,1109.444444,329.5,4,957.7777778,1798.333333,226.1,142.5,1658
2020-05-13,2298,1360.533333,1034.444444,329,0,1324.777778,2359.444444,312.8,158,2660
2020-05-14,2426,1787.866667,1338.333333,340,128,1447.555556,2387.777778,380.8,127.5,2659
2020-05-15,2356,1649.8,1353.888889,303,16,1902.888889,2161.666667,348.5,172.5,2502
2020-05-16,2494,1610.6,1173.333333,361.5,180,1468.888889,2247.777778,423.3,163,5485
2020-05-17,2252,1224.2,1152.777778,317.5,148,841,2073.333333,445.4,131.5,2353
2020-05-18,2158,1492.666667,1341.111111,360.5,308,1587.555556,1477.777778,297.5,151.5,2278
2020-05-19,2164,1400.466667,1507.222222,320,524,1835.222222,2527.777778,370.6,219,3520
2020-05-20,2164,1513.133333,1248.888889,376,300,2188.222222,2520.555556,744.6,237,4038
2020-05-21,2334,1717.733333,1651.666667,321.5,232,2056.444444,2638.333333,455.6,324,3964
2020-05-22,2410,1577.066667,1644.444444,400.5,248,2311.444444,1627.222222,666.4,359,4276
2020-05-23,2408,1407.466667,1849.444444,523,264,1834.222222,2253.333333,571.2,352,9842
2020-05-24,1910,1337.8,1535.555556,499,444,1757,2336.111111,591.6,361.5,3709
2020-05-25,2026,1244.866667,1380.555556,403,224,1298.555556,2233.333333,674.9,276,4895
2020-05-26,1942,1310,1919.444444,511,136,1813.777778,3206.666667,809.2,300,3964
2020-05-27,1798,1236.6,1923.888889,550.5,136,2288.777778,3418.888889,1074.4,352.5,4328
2020-05-28,1974,1488.133333,1876.111111,631,320,2935.222222,3263.333333,1052.3,384.5,4654
2020-05-29,1866,1631.533333,1792.777778,661,180,2992,3614.444444,584.8,358.5,3695
2020-05-30,1544,1575.533333,1602.777778,774,356,3697.111111,4103.333333,1463.7,397.5,13188
2020-05-31,1596,1265.8,1751.111111,573.5,204,1823.222222,4891.666667,663,318.5,4830
2020-06-01,1618,1162.333333,1539.444444,555,608,1288.666667,3090.555556,933.3,282,5470
2020-06-02,1344,1433.533333,2161.666667,670,628,3215.111111,4514.444444,782,452,3528
2020-06-03,1362,1323,2173.333333,760.5,532,3181.444444,416.1111111,1099.9,474.5,4942
2020-06-04,1256,1443.266667,2467.777778,883,540,3436.111111,2380,1031.9,464.5,4664
2020-06-05,1356,1693.333333,2414.444444,757.5,232,3425.555556,2334.444444,821.1,420,4207
2020-06-06,1056,1410.666667,1996.111111,696,684,3008.333333,2421.111111,1071,491.5,13990
2020-06-07,1406,1194.4,1935.555556,604.5,244,2101.333333,2642.777778,484.5,387,6405
2020-06-08,1202,1175.8,1666.111111,741.5,384,1739.333333,1767.222222,520.2,413,4696
2020-06-09,924,1225.6,2332.777778,679.5,636,3565.666667,2244.444444,1181.5,570.5,3913
2020-06-10,958,1407.333333,2712.777778,802,424,3657,2826.111111,1082.9,613,5697
2020-06-11,878,1542.2,2661.111111,765,304,3379.111111,3313.888889,1502.8,693,5636
2020-06-12,872,1657.733333,2901.111111,823,260,2886.888889,0,1298.8,695.5,6754
2020-06-13,896,1680.533333,1941.111111,944,100,2411.555556,3311.666667,1552.1,765.5,8182
2020-06-14,722,1263.2,2303.888889,1096.5,296,1901.111111,4992.777778,1048.9,641,6938
2020-06-15,718,1321.266667,1903.888889,1062,336,2294.111111,1808.888889,1043.8,604,5143
2020-06-16,648,1578,2555,934,352,3879.777778,2313.333333,1377,687,5013
2020-06-17,808,1804.266667,2738.888889,1057.5,944,3576.444444,2084.444444,1363.4,696.5,1900
2020-06-18,772,1901.666667,3145.555556,1585.5,388,2529.444444,1933.333333,1383.8,979,4475
2020-06-19,874,2104.2,2794.444444,1529.5,432,6085.666667,1965,1660.9,1030,6290
2020-06-20,896,2151.333333,2620.555556,1178.5,792,3851.777778,1896.111111,1761.2,817,5355
2020-06-21,632,1676.533333,2968.333333,1509.5,512,1751.333333,1998.888889,1489.2,790.5,5607
2020-06-22,680,2143.333333,2542.777778,1265.5,524,2569.888889,1395,1878.5,1073,4608
2020-06-23,698,2471.8,3493.333333,1194.5,556,4381.777778,1868.333333,1523.2,1136,3804
2020-06-24,640,2391.6,3020.555556,1770.5,716,4747.222222,2155,1866.6,1324,3649
2020-06-25,752,2687.933333,3391.111111,1743,788,4387,2173.888889,1727.2,1303,4648
2020-06-26,332,3066.2,3022.777778,1921.5,864,5206.666667,2090,1564,1443,4296
2020-06-27,498,2756.4,2450,2074.5,1404,4299.222222,2013.888889,2130.1,1200.5,4406
2020-06-28,630,2715.4,2250,1589,668,3386.222222,1905.555556,1441.6,1094.5,4216
2020-06-29,1274,2752.133333,2113.888889,1637,932,2672.444444,1636.666667,1021.7,1167.5,4017
2020-06-30,534,3095.4,3017.777778,1401.5,1208,3760.666667,1582.222222,1859.8,1131,3394
2020-07-01,382,3454.6,3156.111111,2081.5,920,5190.222222,1813.333333,1713.6,1333.5,2650
2020-07-02,710,3775.2,3745,2050.5,844,5345,1959.444444,2211.7,1372,2498
2020-07-03,638,3424,3744.444444,1697.5,1056,4691.444444,1997.222222,2193,1422.5,3548
2020-07-04,446,3045.466667,3841.111111,1942,852,4213.666667,1933.888889,2130.1,1295,3758
2020-07-05,418,3384.6,2601.666667,1860.5,1676,2894.555556,2021.111111,2084.2,1219.5,3685
2020-07-06,842,2872.266667,2723.333333,1585.5,968,2247.666667,1658.333333,2060.4,1316,3025
2020-07-07,416,4043.6,3476.666667,2106.5,1128,5033.888889,1986.111111,1761.2,1489.5,2462
2020-07-08,622,4008,3886.111111,2072,1260,4952.333333,2018.333333,2446.3,1802,2064
2020-07-09,644,4166.4,4044.444444,2667.5,1456,4735.444444,1965,1919.3,1831.5,3133
2020-07-10,656,4537,3828.333333,3401.5,1724,5005.333333,1776.666667,2468.4,1683.5,3058
2020-07-11,332,4001.2,3385.555556,2428,1500,4335.888889,1702.222222,2779.5,1724.5,2755
2020-07-12,396,3896.866667,2490,2406.5,1148,2759,2008.888889,1677.9,1328.5,3012
2020-07-13,1272,3926.266667,2602.777778,1916,968,2254,2109.444444,1807.1,1549.5,2616
2020-07-14,732,4535.666667,3917.222222,2810.5,1212,4650.777778,2080,2748.9,1822.5,1836
2020-07-15,686,4541.4,3416.111111,2635.5,1672,4436,2157.777778,2296.7,2118,1712
2020-07-16,902,5054.6,3558.888889,4018.5,1704,5044.777778,2130.555556,3294.6,1818.5,2493
2020-07-17,830,4817.466667,4031.666667,4467,1348,3797.444444,2195,3308.2,2259,2741
2020-07-18,632,4169.133333,4230.555556,4280,1168,3170.222222,2201.666667,3461.2,1611.5,2407
2020-07-19,586,4031.6,2950.555556,3289,1632,2614.333333,2272.222222,2454.8,2115.5,2084
2020-07-20,1540,4139.4,2873.333333,3363.5,1772,2250.777778,2272.777778,2395.3,2009.5,2099
2020-07-21,1070,4300.733333,3810.555556,3516.5,1760,4556.444444,2447.777778,2322.2,2672,1654
2020-07-22,634,4704.733333,3343.888889,3695,1560,7540,2479.444444,3022.6,2891,1719
2020-07-23,1216,4562.8,4687.777778,3972.5,1796,6662.333333,2525.555556,1898.9,3063.5,2357
2020-07-24,1434,4888.133333,4207.222222,3584,2600,6210.111111,2702.777778,2046.8,2746.5,2545
2020-07-25,710,4327.733333,3750.555556,3627,2664,5683,0,3102.5,2407,2288
2020-07-26,638,3657.8,3044.444444,4090.5,2136,2730.888889,0,1951.6,2096,2198
2020-07-27,1364,3783.8,2762.777778,4062.5,2100,2587.111111,7642.222222,2978.4,2445,2133
2020-07-28,800,4430.6,4004.444444,5142,2332,4535.111111,2937.777778,1948.2,2969.5,1877
2020-07-29,972,4790.266667,3195.555556,4335,2348,7674.888889,3154.444444,2051.9,2820.5,1775
2020-07-30,640,4497,4294.444444,4982.5,2804,6426.333333,0,2890,3188.5,1961
2020-07-31,1208,4581.4,4698.888889,4744,2860,5820.333333,3782.777778,2643.5,2964.5,2131
2020-08-01,484,3745.466667,5308.888889,5336.5,3476,5043.555556,0,3406.8,2620.5,1991
2020-08-02,490,3036.533333,2696.111111,5735,3052,2866.666667,11865.55556,2312,2688,2073
2020-08-03,410,3035.266667,2648.333333,5099.5,2192,1849,2361.111111,2878.1,2412,1762
2020-08-04,1372,3920.066667,3415.555556,3564.5,2736,5733.666667,3772.222222,2575.5,3396,1469
2020-08-05,748,3630.4,3410.555556,5367.5,3444,6350.222222,4296.666667,3026,3573.5,1761
2020-08-06,708,3957.2,3661.111111,5998,3924,5904.333333,4325,2179.4,3756.5,1948
2020-08-07,1032,3953,3731.666667,4747,3544,5581.111111,4703.333333,2495.6,3741,2154
2020-08-08,490,3608.066667,3608.333333,4833,3180,5552.222222,0,1978.8,3067,2198
2020-08-09,438,3050.066667,2431.111111,5305.5,3376,2556.666667,7860.555556,1604.8,2344,2033
2020-08-10,1372,3175.133333,3087.777778,5071,3980,2449.777778,2838.333333,2781.2,3684.5,1988
2020-08-11,672,3199.666667,3714.444444,6415,4552,5795.555556,3637.222222,2878.1,3521.5,1572
2020-08-12,628,3737,3254.444444,6033,4600,6128.333333,0,2963.1,3831.5,1552
2020-08-13,954,3420.933333,4095,5643,5124,6676.777778,4930.555556,2359.6,3749,1866
2020-08-14,850,4356,3121.111111,5653,4048,5627.111111,9856.111111,2534.7,3182.5,2077
2020-08-15,440,3127.866667,3525,5789,4904,4619.555556,0,2033.2,3331.5,1791
2020-08-16,358,2613,2471.111111,5821.5,4592,2566.777778,5281.666667,2036.6,2734.5,2044
2020-08-17,428,2445,1983.888889,4164,4188,2152.555556,5635,1494.3,2278.5,1556
2020-08-18,1732,3002.266667,3058.888889,6231,3580,5309.333333,3081.666667,3053.2,3420,1353
2020-08-19,648,3157.266667,3217.777778,6528,4684,5477.555556,4348.888889,3452.7,3346.5,1182
2020-08-20,434,2922.866667,3763.888889,5770.5,2796,5035.888889,5055,1725.5,4112.5,1812
2020-08-21,1388,3249.8,3293.333333,4209.5,2608,3372.777778,4799.444444,2329,4079.5,1920
2020-08-22,482,2871.133333,3601.111111,5482.5,2952,5559.111111,5004.444444,1686.4,3879.5,1939
2020-08-23,514,2284.266667,2193.333333,4018,2428,2602.333333,5093.888889,1227.4,2676,1957
2020-08-24,1554,2443.6,1967.222222,5274.5,3096,1897.555556,5050,1698.3,4356.5,1903
2020-08-25,618,2677.866667,2731.111111,5212.5,3280,5237.111111,3395.555556,1446.7,4385.5,1417
2020-08-26,954,3023.933333,2926.111111,5065,3228,5240.111111,3857.777778,1861.5,5275,1380
2020-08-27,912,3015.333333,3347.777778,4876,3732,4915,3331.111111,1759.5,5052,1737
2020-08-28,1012,3132.2,3235.555556,4248.5,3924,4823.555556,4788.333333,2176,5858.5,1870
2020-08-29,594,2846.333333,3318.888889,4696,4268,4594.444444,4424.444444,1606.5,4615,2037
2020-08-30,498,2293.333333,2293.888889,4010,3688,1795.333333,5263.333333,1043.8,3593.5,1965
2020-08-31,2060,2367.533333,2066.111111,3595,3440,5106.777778,4295,1071,4654.5,1752
2020-09-01,1008,2781.933333,3597.777778,4466,4112,4739.888889,2706.111111,1137.3,5252,1419
2020-09-02,1038,2733.666667,2733.888889,4647.5,4508,5214.888889,2828.888889,1123.7,5466.5,1594
2020-09-03,1172,2946.133333,3298.333333,4126.5,3976,4863.666667,0,1450.1,6013,1762
2020-09-04,1228,3364,3442.222222,4244.5,4384,5573.666667,7231.111111,1358.3,5342,1968
2020-09-05,740,2866.733333,3510.555556,4196.5,4768,3466.555556,3723.888889,1123.7,4962,1965
2020-09-06,758,2087.4,2563.333333,4032.5,4496,1613.444444,3807.777778,897.6,3493,2076
2020-09-07,810,1567.2,1936.666667,2663.5,4244,1141.444444,3486.111111,1419.5,4607.5,1764
2020-09-08,2924,1831.266667,2972.777778,3832.5,4852,1586.555556,887.7777778,1196.8,6013.5,1267
2020-09-09,756,2260.733333,2478.333333,3669,4752,3979.555556,2563.888889,1762.9,6129.5,1486
2020-09-10,1642,2411.533333,2801.666667,3906.5,4288,4506.333333,3658.888889,1462,5952.5,1642
2020-09-11,1440,3181.6,3297.222222,3712,3360,4857.555556,4050.555556,1643.9,5753.5,1866
2020-09-12,976,2741.733333,3152.222222,3438,3868,3724.777778,3668.333333,1377,5388,2131
2020-09-13,952,2286.466667,2448.888889,3677.5,3640,1640.888889,3423.333333,1375.3,4528,2082
2020-09-14,2916,2295.066667,1852.777778,2786.5,4116,1683.888889,3770.555556,1407.6,4954.5,1685
2020-09-15,1604,2637.066667,2650.555556,3349,4344,4072.555556,2356.111111,1133.9,5946,1550
2020-09-16,1904,2594.933333,2468.888889,3893.5,3044,4091.111111,2311.111111,996.2,5837,1304
2020-09-17,2054,3015,1767.777778,3784,3472,4033.666667,3544.444444,929.9,6350.5,1863
2020-09-18,2348,3282.866667,2689.444444,3263,3560,4421.888889,3165.555556,1074.4,5972.5,1677
2020-09-19,1108,2810.266667,2870.555556,3963.5,3100,3673,3507.777778,712.3,4638,1847
2020-09-20,2286,2560.266667,1967.777778,3339,2828,1821,3585,350.2,4215.5,1600
2020-09-21,3666,3469.266667,1620.555556,2679.5,3148,1490.111111,3350,527,4391,1194
2020-09-22,2544,2656.666667,2601.666667,3551,4040,3702.666667,0,793.9,6013.5,1055
2020-09-23,2168,2604.8,2658.888889,3365.5,3944,0,4250.555556,912.9,6312.5,1380
2020-09-24,2296,3140.2,3004.444444,3277.5,3868,7370.888889,3416.111111,1067.6,6733.5,1731
2020-09-25,3260,3218.333333,3000.555556,3747,3468,3545.666667,6605,1026.8,6484.5,2234
2020-09-26,2106,2976.6,3096.111111,3860.5,2668,3153.111111,0,629,5624.5,2111
2020-09-27,3316,2502.933333,2158.888889,3509,3004,1590.888889,3087.777778,525.3,4420.5,1922
2020-09-28,3582,2217,1888.888889,2573.5,3348,1461.666667,2866.666667,547.4,5903.5,1770
2020-09-29,3544,2894.666667,2470,2919.5,3340,3562,1895.555556,710.6,6738.5,1629
2020-09-30,4232,2628.733333,2807.222222,2818.5,3036,3712.555556,1696.666667,1139,7196,1691
2020-10-01,3646,3043.6,2832.777778,2830,3628,4017.444444,1700.555556,688.5,7000.5,1759
2020-10-02,4248,3657.2,2652.777778,3096.5,3164,0,1926.666667,855.1,7343.5,1840
2020-10-03,2612,3239.666667,2701.666667,3307.5,3304,6637.888889,1815,595,5564.5,1881
2020-10-04,4282,2384.466667,2062.222222,3452.5,3152,939.5555556,0,508.3,3834,1708
2020-10-05,5766,2631.066667,15619.44444,3553,2732,1327.333333,3669.444444,406.3,5621,1567
2020-10-06,4744,3013.333333,2682.222222,3825,2716,4656.222222,1016.666667,613.7,7370,1560
2020-10-07,3248,3405.4,2544.444444,3938,2432,3505.888889,1627.777778,404.6,8223.5,1134
2020-10-08,4700,3906.2,2944.444444,4247.5,2460,3083.333333,1518.333333,447.1,7727,1576
2020-10-09,5790,3757.2,3073.333333,4060.5,2708,3049.333333,1640,436.9,7549.5,1753
2020-10-10,4284,3663.933333,2393.333333,4223.5,3028,2972.111111,4152.222222,402.9,6207,1826
2020-10-11,3272,3060.133333,1763.888889,4284.5,2736,1371.333333,1823.888889,188.7,5162,1776
2020-10-12,1950,2791.533333,1967.777778,3884,2476,936.5555556,1000,205.7,4762,1461
2020-10-13,8222,3482.333333,2386.111111,2507,2540,1135.555556,1557.222222,385.9,6652.5,1448
2020-10-14,5150,3985.133333,2253.333333,3030.5,2456,3026.111111,0,372.3,7466,1092
2020-10-15,4596,4324,3063.333333,3411.5,1856,3169.222222,3203.333333,302.6,8548,1124
2020-10-16,5132,4611.266667,3750.555556,4186,1156,3434.888889,0,413.1,8273,1694
2020-10-17,278,3780.733333,3026.111111,3508.5,2124,2673.555556,1487.222222,251.6,6755,1813
2020-10-18,7474,3290.066667,2288.333333,3600.5,1388,0,1740,103.7,5280.5,1757
2020-10-19,6614,4518.333333,2055,3155.5,0,2929.444444,1736.666667,202.3,6491,1545
2020-10-20,4476,4131.066667,3215.555556,4128,4032,2580.777778,1222.777778,249.9,8168.5,1173
2020-10-21,5374,4217.133333,3802.777778,3780.5,1564,2757.555556,1801.111111,324.7,9163,1159
2020-10-22,5162,5089.466667,3673.333333,4336.5,1524,2762,3198.888889,368.9,8162.5,1494
2020-10-23,5804,5458.733333,3668.888889,4284.5,1208,3336.222222,0,283.9,7859,1775
2020-10-24,3064,5519.6,3347.222222,4384.5,1696,2997.666667,1800,283.9,5984,1636
2020-10-25,5646,4140.866667,2422.222222,4087,1692,1499.222222,3110.555556,125.8,4626.5,1521
2020-10-26,8198,4494.8,2314.444444,4583.5,1928,1747.333333,0,168.3,5856,1535
2020-10-27,5460,5119.533333,3301.111111,4083,1412,3309.666667,1032.777778,292.4,7154,927
2020-10-28,5326,5294.4,3108.333333,4358.5,1904,3181,1068.333333,334.9,6962,1005
2020-10-29,6034,6073,3304.444444,5593.5,1616,2900.666667,1350.555556,277.1,6633.5,1520
2020-10-30,7112,6608.666667,3333.333333,5014.5,1236,2475.777778,1481.111111,249.9,6689.5,1521
2020-10-31,4748,5984.933333,3417.222222,5516.5,1696,2105.222222,1436.666667,214.2,4872.5,1685
2020-11-01,4672,6994.933333,2461.111111,4568.5,1248,1122.222222,1290.555556,129.2,3304.5,1608
2020-11-02,7058,5687.066667,2090.555556,4967.5,1520,944.5555556,0,57.8,4799,1276
2020-11-03,9476,8474.333333,2916.666667,3068,1580,1315.888889,0,117.3,6072.5,1062
2020-11-04,5564,6973.8,2902.777778,4347,1520,2664,5157.777778,214.2,5326,840
2020-11-05,5568,8623.6,3092.777778,4945.5,1764,0,1630.555556,236.3,5550,1540
2020-11-06,10786,8533.333333,3295,4878,1536,4572.888889,0,241.4,5893,1808
2020-11-07,8692,8487.4,3783.333333,4357,1572,2486.666667,1545,142.8,4018.5,1587
2020-11-08,7888,7681.066667,3270.555556,3720,740,1172.666667,1392.777778,81.6,2665.5,1581
2020-11-09,9742,8038.133333,2755.555556,2588.5,1064,1213,1290.555556,146.2,4158.5,1321
2020-11-10,8890,9366.533333,3192.222222,3146,1184,2663.666667,663.3333333,175.1,5988.5,1028
2020-11-11,7968,9775.066667,4247.777778,4985,1220,5406.111111,1057.777778,190.4,5440,897
2020-11-12,10948,10988.86667,3143.333333,4343,1560,3769.111111,1430.555556,192.1,5581.5,1634
2020-11-13,9540,12025.93333,3087.777778,4342.5,1204,3230,1239.444444,306,5929.5,1592
2020-11-14,8860,11184.33333,3255.555556,4468.5,1968,4256.333333,1340.555556,190.4,4234,1646
2020-11-15,8602,9081.4,1816.111111,3556,1676,1570.444444,1249.444444,110.5,2822.5,1597
2020-11-16,12066,10862.8,1596.666667,3235.5,1548,1485.666667,1173.333333,212.5,3946.5,1331
2020-11-17,8924,10928.13333,976.1111111,2955.5,1244,3921.555556,698.3333333,173.4,5310.5,1006
2020-11-18,9036,11545.2,2176.666667,3437.5,1200,3787.888889,923.8888889,163.2,5166,948
2020-11-19,9588,12769.53333,2484.444444,3743.5,1260,3990.888889,0,317.9,5048.5,1454
2020-11-20,9974,13219.93333,3570,3977,1408,4266.333333,2214.444444,166.6,4804,1573
2020-11-21,9914,11951.53333,3732.777778,3524.5,1672,3624.666667,2313.333333,115.6,3570,1558
2020-11-22,9490,9785.2,5103.888889,3962,1600,2068.333333,0,95.2,2092,1497
2020-11-23,13590,11630,4157.222222,3281,1232,1800.777778,882.7777778,95.2,2132.5,1440
2020-11-24,10564,11701.13333,5996.666667,3757.5,1420,3455.555556,492.7777778,192.1,3582,1007
2020-11-25,9916,12219.13333,5741.666667,4248.5,1276,5322,1045.555556,219.3,4296.5,1005
2020-11-26,11358,7488.2,4503.888889,4748,1592,4179.333333,0,193.8,4521.5,1570
2020-11-27,11908,13879.13333,6711.666667,5011.5,1236,3792.222222,2171.111111,176.8,3923,1581
2020-11-28,11350,10368.66667,5960,4551.5,944,5769.111111,2233.888889,166.6,3049,1698
2020-11-29,10766,9349,3148.888889,4381.5,1120,2718.666667,1201.111111,51,2716,1489
2020-11-30,15790,10704.66667,3595.555556,4215,1416,2348.666667,0,146.2,2863,1313
2020-12-01,10990,12547.8,4899.444444,3993,908,5656.555556,597.2222222,173.4,4018.5,1121
2020-12-02,12908,13503.66667,6250.555556,4648.5,1784,5540.333333,0,312.8,3766.5,1034
2020-12-03,12528,14907.33333,6127.777778,4616.5,1924,5603.777778,1927.777778,326.4,3814.5,1508
2020-12-04,12838,15519,6737.222222,4642.5,1316,5209.333333,0,236.3,3449.5,1729
2020-12-05,12708,14369.73333,6458.333333,4821,1200,4801,2102.777778,283.9,2600.5,1533
2020-12-06,12610,12067.4,4141.666667,4427,1060,2929.222222,1015.555556,115.6,1639,1714
2020-12-07,15448,12990.73333,3555,2998.5,1848,2263.444444,680,164.9,1599.5,1760
2020-12-08,12342,14966,6114.444444,3755,1920,5676.444444,0,321.3,1805,1392
2020-12-09,12798,14835.66667,6652.222222,3761.5,1872,5939.222222,1505,363.8,2651.5,1244
2020-12-10,13372,15434.4,6609.444444,3889,1712,5927.444444,1383.333333,552.5,3497,1662
2020-12-11,13430,15998.4,6807.222222,4499,1740,6047.555556,0,530.4,3556,1534
2020-12-12,11968,14492.33333,6698.333333,4081.5,1848,4877.777778,1017.777778,566.1,2637,1807
2020-12-13,11832,12520.26667,4782.222222,4351,2436,2425,0,204,1779,2138
2020-12-14,16754,12914.13333,3294.444444,4371,1356,2799.222222,2238.888889,331.5,2531,1911
2020-12-15,12488,14006.93333,6237.777778,5065,1420,4765.444444,642.7777778,630.7,3490.5,1499
2020-12-16,13024,16442.93333,5720.555556,5976.5,948,7841.555556,0,846.6,3421.5,1402
2020-12-17,14012,15978.53333,6555,6098,1456,7758.444444,1848.333333,766.7,3663,2001
2020-12-18,13400,16795.66667,6804.444444,6638.5,1256,5838.222222,0,822.8,3501,2403
2020-12-19,12918,12792.93333,6738.333333,6995,1544,5575.222222,0,1055.7,2897.5,2220
2020-12-20,12014,12516.4,3816.666667,5580,1176,2827.222222,3578.888889,430.1,2058,2191
2020-12-21,15154,13273.26667,2983.333333,5422.5,1752,2779.888889,898.8888889,615.4,2926.5,2447
2020-12-22,12520,13204.46667,6950.555556,6263,1260,6133.555556,532.2222222,1145.8,4070.5,1196
2020-12-23,13842,15304.06667,6473.888889,7116.5,784,5188.444444,932.2222222,1708.5,4293,1725
2020-12-24,13368,12944.4,6936.111111,7470,884,6492,0,1796.9,0,3238
2020-12-25,3498,6507.666667,5377.222222,7470.5,1432,2735,2127.222222,797.3,5344.5,1679
2020-12-26,6228,15086.86667,2763.333333,5098,1392,1916.222222,868.8888889,1290.3,1856.5,2563
2020-12-27,20200,10375.6,3453.888889,4797,1460,2053.222222,0,839.8,2515,1711
2020-12-28,12930,11643.4,3331.111111,4655,1280,2283.111111,1172.777778,1276.7,3608,1923
2020-12-29,16378,13346.06667,6721.666667,5507.5,900,6524.222222,695,2198.1,5825,1958
2020-12-30,16918,15575.6,6892.222222,5819.5,1040,6183.222222,882.2222222,2524.5,5882.5,2964
2020-12-31,14286,15704.33333,6755,8157,1748,6308.111111,2578.333333,2978.4,5793,2023
2021-01-01,1982,10234,6161.666667,6052.5,1304,2733.888889,0,1463.7,2040,3591
2021-01-02,9070,20027.73333,3532.777778,5764,796,1758.555556,0,1819,2620,3338
2021-01-03,32282,13916.06667,2895,4706,588,1926.777778,1645.555556,1030.2,2942,2289
2021-01-04,20116,12286.6,3591.111111,5155.5,708,2222.888889,764.4444444,1717,4111,2450
2021-01-05,14500,15669.86667,6261.666667,8417.5,1020,6294.222222,0,2714.9,6895,2460
2021-01-06,16164,17025.93333,7413.888889,8402.5,984,7047.777778,1412.777778,2912.1,6720.5,2382
2021-01-07,16454,18537.66667,7630,8788,1656,9760.333333,0,3247,6917.5,3693
2021-01-08,18474,19549.8,7978.888889,9110.5,1380,5781.666667,2312.222222,3847.1,6673,4205
2021-01-09,16786,17510.46667,8947.222222,7897.5,2020,6921.111111,0,2794.8,5528.5,4361
2021-01-10,14566,14217.86667,5557.222222,7768.5,1752,3310.222222,0,1866.6,3904,4181
2021-01-11,16650,14332.13333,4218.888889,7501.5,1492,2869.111111,5002.222222,2366.4,4352,3969
2021-01-12,12282,15130.26667,7997.222222,7089.5,1264,7113.888889,1203.333333,2504.1,6891.5,3243
2021-01-13,14278,15356.6,8818.333333,7949,2048,6766.555556,1600.555556,3496.9,6362.5,3390
2021-01-14,14894,15707.6,9148.888889,8560.5,2416,7528.666667,0,3736.6,6643,4187
2021-01-15,13760,16183.2,11870,10539,1764,7688.666667,8773.333333,4374.1,6166,4468
2021-01-16,12718,13442.6,11401.66667,10427.5,1800,6840.777778,0,3554.7,4466,4313
2021-01-17,12568,11852.86667,6205.555556,8689.5,1988,3671.111111,2524.444444,2555.1,3632,4339
2021-01-18,12840,9559.4,4485.555556,7359.5,2564,2630.111111,0,2635,4092.5,3918
2021-01-19,10056,11782.53333,10496.66667,7969.5,2692,6899.333333,0,4006.9,6070.5,3401
2021-01-20,11402,12213.6,11415.55556,8954,2296,7153.888889,7026.111111,4513.5,6056,3589
2021-01-21,12222,12916.66667,12410.55556,7683,2276,6568.777778,0,4501.6,5698,4367
2021-01-22,11654,12711.8,11670.55556,7536.5,2140,6283.555556,5385,3168.8,5376.5,4959
2021-01-23,10188,11374.8,11142.77778,7775.5,1800,6926,0,2944.4,4181,4581
2021-01-24,9358,8735.4,6040,6258,1856,3147,6128.333333,1781.6,2515.5,4463
2021-01-25,11234,10131.26667,4733.888889,6130.5,1612,2979.555556,0,3027.7,3789,4068
2021-01-26,8082,9838,9536.111111,6803,1652,6884.777778,7389.444444,4063,5204.5,3322
2021-01-27,8640,10215.93333,9968.888889,6976.5,1732,7057.777778,0,4872.2,5421.5,3388
2021-01-28,9612,11284,10372.22222,6135,1624,6867.888889,3739.444444,4508.4,4735.5,4255
2021-01-29,9654,11099.6,9096.666667,5029,1648,6647.333333,3175,4532.2,4919,4606
2021-01-30,8220,9488.133333,8520.555556,4586.5,2188,6495.777778,7409.444444,3408.5,3451,4151
2021-01-31,7866,7467.933333,3905.555556,4039,2416,3084,2898.333333,2444.6,2487.5,4209
2021-02-01,9004,9011.533333,3026.666667,4811,1676,2732.333333,0,2488.8,3307,3779
2021-02-02,5896,7688.866667,2435.555556,5045.5,1624,6010.666667,2487.222222,3615.9,4847.5,3147
2021-02-03,6534,8107.4,6751.666667,5512.5,2252,6222.444444,8678.333333,3435.7,4598,2610
2021-02-04,7964,8261.6,0,4895,1840,6319.222222,0,3037.9,4445.5,3592
2021-02-05,8272,8957.466667,14792.22222,3624,1824,5652.444444,3730.555556,2849.2,4187,3782
2021-02-06,6528,6932.466667,7338.333333,4273.5,1648,0,4440.555556,2070.6,3340,4063
2021-02-07,6414,5977.266667,3369.444444,3004.5,1892,8608.333333,7585,1426.3,1829,3804
2021-02-08,7606,6022.866667,2148.888889,2123,1920,0,0,2074,2577,3464
2021-02-09,5366,6374.666667,5965.555556,2721,2000,8325,5600,2624.8,3897,2839
2021-02-10,6536,6342.6,6187.777778,3221.5,1520,6622.444444,0,3010.7,3869.5,2387
2021-02-11,6354,7046.466667,5931.666667,3147,1408,6082.444444,3735.555556,2298.4,3655.5,3731
2021-02-12,5358,6640.6,5771.111111,2764,1724,5727.333333,4892.777778,2114.8,3575.5,4164
2021-02-13,7594,5807.933333,5411.666667,2473.5,1936,4922.111111,4688.333333,1594.6,3028.5,3925
2021-02-14,4408,4334.666667,2277.222222,2461.5,1900,2751,8083.333333,1183.2,2122.5,3813
2021-02-15,3526,3612.933333,1721.111111,1755,1436,3577.444444,1779.444444,700.4,1629.5,3332
2021-02-16,8438,4181.6,4823.888889,2024.5,1400,6141.222222,0,955.4,2001.5,2498
2021-02-17,5122,4673.6,4993.333333,2551.5,1568,6307.333333,3460,1341.3,3032,2275
2021-02-18,6870,4637.066667,5055,2412,1848,5764.333333,4115.555556,1749.3,3835.5,3828
2021-02-19,6166,5306.333333,4349.444444,2238,1332,5953.555556,5370.555556,1958.4,3943,3797
2021-02-20,5314,4767.6,4325,2508.5,1956,6104.444444,4288.333333,1861.5,2972,3906
2021-02-21,4814,3803.4,1724.444444,2122,1860,3225.111111,7658.888889,885.7,1854.5,3615
2021-02-22,6906,3748.2,1251.111111,1700.5,1908,2998.444444,0,1502.8,2708.5,3549
2021-02-23,6426,4817,4796.666667,1963,1764,6968.333333,1915.555556,2046.8,3738.5,2308
2021-02-24,5890,4980,4801.111111,1976.5,1836,7398.666667,3744.444444,2276.3,4091.5,2555
2021-02-25,6294,5166.333333,4701.111111,1841.5,1704,7333.111111,4056.666667,1875.1,4117,4472
2021-02-26,6344,5128.6,4173.333333,1783.5,1696,7241,8646.666667,1817.3,2541.5,4585
2021-02-27,5360,4292.866667,4025.555556,1671.5,1776,6844.666667,4166.666667,1115.2,2734.5,4489
2021-02-28,4694,3415.933333,1561.111111,1777.5,1508,3780.777778,0,787.1,1584,3207
2021-03-01,7388,3927.466667,1301.666667,1785,1716,3971.333333,3301.111111,1286.9,2329,5145
2021-03-02,5326,3802.733333,4396.111111,2169.5,1556,6658.333333,4717.777778,1343,3326.5,2742
2021-03-03,5568,4479.6,4329.444444,1523.5,1796,7967.111111,0,1417.8,3927.5,3040
2021-03-04,5960,4533.2,4178.333333,1782.5,2308,8344.666667,3706.666667,1647.3,3716,4567
2021-03-05,5934,4426.866667,3776.111111,1685.5,1584,8388.333333,2710,1592.9,3945.5,5331
2021-03-06,5538,3879.666667,3645,1831.5,2116,7734.333333,4692.777778,1110.1,2430,5033
2021-03-07,5296,2731.066667,1518.888889,1705.5,1812,8945.333333,3705.555556,549.1,1461,5302
2021-03-08,8096,3000.933333,1042.777778,1102.5,1744,3591.222222,3451.111111,787.1,2529,4748
2021-03-09,5856,3846.333333,4115,1755.5,2188,7862.666667,4915,1504.5,3653.5,3531
2021-03-10,6118,3862.6,3667.777778,1794,0,8875.111111,0,1429.7,3846.5,3885
2021-03-11,6210,4160.266667,3593.888889,2289.5,3824,8379.111111,4130,1322.6,4102,5563
2021-03-12,7030,4080.266667,3786.666667,2039,2036,9518.111111,3952.222222,1842.8,3924.5,5973
2021-03-13,6060,3547.666667,3391.111111,2232.5,2372,8464.222222,4466.111111,1156,3139,5894
2021-03-14,5422,2548.133333,1341.666667,2031,0,4868,2973.888889,654.5,1848.5,5731
2021-03-15,7622,3776.6,799.4444444,1370,4436,4026.555556,2468.333333,1139,3082,5121
2021-03-16,5714,3596,710,1858,2160,9325.111111,3648.888889,1579.3,4117.5,4551
2021-03-17,6814,3939.6,3586.111111,2277,2196,10033.66667,9235.555556,1815.6,4152,3430
2021-03-18,7226,4033.4,3736.666667,2569.5,2524,9664.666667,0,1504.5,4164,7257
2021-03-19,8464,4101.8,3178.888889,2566.5,3748,10063.33333,8915,1473.9,4080,6584
2021-03-20,6834,3696.6,3182.777778,3380.5,4644,8785.444444,0,1025.1,3413,7036
2021-03-21,6250,2251.066667,1185,3021.5,3268,5308.222222,8156.111111,379.1,2016,6850
2021-03-22,9726,3437.8,771.1111111,2524,3084,5477,0,974.1,3200.5,6155
2021-03-23,7138,3574.933333,3267.222222,2473,2456,9165.888889,8296.111111,1494.3,4702.5,4864
2021-03-24,7898,5796.466667,3174.444444,2993,3228,9999.111111,0,1654.1,4150,4825
2021-03-25,10208,4496.2,3215,3366,3400,11128.66667,10670,1315.8,4119,7060
2021-03-26,10050,5155.933333,2946.111111,3697.5,2960,9360.555556,6621.666667,1492.6,6468,7478
2021-03-27,8630,4137.466667,2810.555556,4127,3032,9549.777778,4771.666667,1004.7,5169,7592
2021-03-28,8366,2912.933333,914.4444444,3569.5,3968,4925.111111,4949.444444,554.2,3604,7330
